list name,task description,run time,timer started,timer stopped
"grocery-back-office-api","Breakdown tasks",1104,2025-11-06T06:06:35+0200,2025-11-06T06:24:59+0200
"grocery-back-office-api","ERD Design",2700,2025-11-06T06:25:25+0200,2025-11-06T07:10:26+0200
"grocery-back-office-api","ERD Design",2700,2025-11-06T07:27:39+0200,2025-11-06T08:12:39+0200
"grocery-back-office-api","ERD Design",1381,2025-11-06T08:12:43+0200,2025-11-06T08:35:45+0200
"grocery-back-office-api","ERD Design",357,2025-11-06T08:53:16+0200,2025-11-06T08:59:13+0200
"grocery-back-office-api","ERD Mapping",1515,2025-11-06T08:59:15+0200,2025-11-06T09:24:30+0200
"grocery-back-office-api","Write migrations",1851,2025-11-06T09:44:25+0200,2025-11-06T10:15:16+0200
"grocery-back-office-api","Build migration naive control utility",362,2025-11-06T10:29:09+0200,2025-11-06T10:35:10+0200
"grocery-back-office-api","App configs",1580,2025-11-06T10:39:19+0200,2025-11-06T11:05:40+0200
"grocery-back-office-api","Build migration naive control utility",775,2025-11-06T11:11:50+0200,2025-11-06T11:24:45+0200
"grocery-back-office-api","DB: abstract db interface",2189,2025-11-06T19:47:41+0200,2025-11-06T20:24:10+0200
"grocery-back-office-api","DB: abstract db interface",2,2025-11-06T20:24:11+0200,2025-11-06T20:24:13+0200
"grocery-back-office-api","DB: abstract db interface",2700,2025-11-06T20:24:14+0200,2025-11-06T21:09:15+0200
"grocery-back-office-api","DB: abstract db interface",2700,2025-11-06T21:09:19+0200,2025-11-06T21:54:19+0200
"grocery-back-office-api","DB: abstract db interface",1047,2025-11-06T21:54:24+0200,2025-11-06T22:11:51+0200
"grocery-back-office-api","DB: abstract db interface",1,2025-11-06T22:29:55+0200,2025-11-06T22:29:56+0200
"grocery-back-office-api","DB: abstract db interface",572,2025-11-06T22:43:41+0200,2025-11-06T22:53:13+0200
"grocery-back-office-api","DB: abstract db interface",7,2025-11-07T01:43:33+0200,2025-11-07T01:43:40+0200
"grocery-back-office-api","DB: abstract db interface",708,2025-11-07T01:53:48+0200,2025-11-07T02:05:36+0200
"grocery-back-office-api","DB: abstract db interface",2653,2025-11-07T02:25:12+0200,2025-11-07T03:09:26+0200
"grocery-back-office-api","DB: abstract db interface",1384,2025-11-07T03:16:29+0200,2025-11-07T03:39:33+0200
"grocery-back-office-api","DB: abstract db interface",596,2025-11-07T03:39:44+0200,2025-11-07T03:49:40+0200
"grocery-back-office-api","DB: abstract db interface",1425,2025-11-07T13:26:58+0200,2025-11-07T13:50:44+0200
"grocery-back-office-api","Build migration naive control utility",662,2025-11-07T13:51:00+0200,2025-11-07T14:02:02+0200
"grocery-back-office-api","Build migration naive control utility",1162,2025-11-07T14:04:40+0200,2025-11-07T14:24:02+0200
"grocery-back-office-api","Build migration naive control utility",2574,2025-11-07T14:24:08+0200,2025-11-07T15:07:02+0200
"grocery-back-office-api","Build migration naive control utility",2645,2025-11-07T15:07:06+0200,2025-11-07T15:51:12+0200
"grocery-back-office-api","Build migration naive control utility",1494,2025-11-07T15:54:32+0200,2025-11-07T16:19:26+0200
"grocery-back-office-api","Build migration naive control utility",1216,2025-11-07T16:19:27+0200,2025-11-07T16:39:43+0200
"grocery-back-office-api","Debug pgsql connection error",910,2025-11-07T16:48:13+0200,2025-11-07T17:03:24+0200
"grocery-back-office-api","Build migration naive control utility",2700,2025-11-07T17:03:48+0200,2025-11-07T17:48:48+0200
"grocery-back-office-api","Build migration naive control utility",153,2025-11-07T17:48:52+0200,2025-11-07T17:51:24+0200
"grocery-back-office-api","Build seeder naive utility",1893,2025-11-07T18:27:40+0200,2025-11-07T18:59:12+0200
"grocery-back-office-api","Build seeder naive utility & write seeders",2700,2025-11-07T18:59:14+0200,2025-11-07T19:44:14+0200
"grocery-back-office-api","Build seeder naive utility & write seeders",2364,2025-11-07T19:51:17+0200,2025-11-07T20:30:41+0200
"grocery-back-office-api","Entities definitions",1248,2025-11-07T20:38:27+0200,2025-11-07T20:59:16+0200
"grocery-back-office-api","Repository: repo base interface",1703,2025-11-08T00:47:45+0200,2025-11-08T01:16:07+0200
"grocery-back-office-api","Repository: repo base interface",1854,2025-11-08T01:16:19+0200,2025-11-08T01:47:13+0200
"grocery-back-office-api","Repository: repo base interface",594,2025-11-19T20:41:50+0200,2025-11-19T20:51:45+0200
"grocery-back-office-api","Repository: repo base interface",1218,2025-11-19T21:41:47+0200,2025-11-19T22:02:05+0200
"grocery-back-office-api","Repository: repo base interface",2700,2025-11-19T22:50:15+0200,2025-11-19T23:35:15+0200
"grocery-back-office-api","Repository: repos implementation",10,2025-11-20T00:35:36+0200,2025-11-20T00:35:46+0200
"grocery-back-office-api","Repository: repo base interface",1342,2025-11-20T00:35:51+0200,2025-11-20T00:58:13+0200
"grocery-back-office-api","Repository: repo base interface",2401,2025-11-20T00:58:21+0200,2025-11-20T01:38:22+0200
"grocery-back-office-api","Repository: repo base interface",712,2025-11-20T01:38:27+0200,2025-11-20T01:50:19+0200
"grocery-back-office-api","Repository: repo base interface",2353,2025-11-20T19:02:37+0200,2025-11-20T19:41:50+0200
"grocery-back-office-api","Repository: repo base interface",179,2025-11-20T21:13:47+0200,2025-11-20T21:16:46+0200
"grocery-back-office-api","Repository: repo base interface",2456,2025-11-20T21:48:21+0200,2025-11-20T22:29:17+0200
"grocery-back-office-api","Repository: repo base interface",1568,2025-11-20T22:29:20+0200,2025-11-20T22:55:28+0200
"grocery-back-office-api","Repository: repo base interface",1010,2025-11-20T23:13:18+0200,2025-11-20T23:30:09+0200
"grocery-back-office-api","Repository: repo base interface",2669,2025-11-20T23:45:47+0200,2025-11-21T00:30:16+0200
"grocery-back-office-api","Repository: repo base interface",1160,2025-11-21T01:13:30+0200,2025-11-21T01:32:51+0200
"grocery-back-office-api","Repository: repo base interface",426,2025-11-21T03:39:53+0200,2025-11-21T03:46:59+0200
"grocery-back-office-api","Repository: repo base interface",2700,2025-11-21T03:52:33+0200,2025-11-21T04:37:33+0200
"grocery-back-office-api","Repository: repo base interface",1890,2025-11-21T04:47:49+0200,2025-11-21T05:19:19+0200
"grocery-back-office-api","Repository: repo base interface",1785,2025-11-21T06:08:11+0200,2025-11-21T06:37:56+0200
"grocery-back-office-api","Repository: repos implementation",348,2025-11-21T06:38:04+0200,2025-11-21T06:43:52+0200
"grocery-back-office-api","Repository: repos implementation",1878,2025-11-21T13:36:08+0200,2025-11-21T14:07:26+0200
"grocery-back-office-api","Repository: repos implementation",765,2025-11-21T14:17:52+0200,2025-11-21T14:30:36+0200
"grocery-back-office-api","Repository: repos implementation",188,2025-11-21T15:21:13+0200,2025-11-21T15:24:20+0200
"grocery-back-office-api","Repository: repos implementation",760,2025-11-21T16:21:26+0200,2025-11-21T16:34:06+0200
"grocery-back-office-api","Repository: repos implementation",253,2025-11-21T16:38:12+0200,2025-11-21T16:42:25+0200
"grocery-back-office-api","Repository: repos test & debugging",2187,2025-11-21T16:42:31+0200,2025-11-21T17:18:58+0200
"grocery-back-office-api","Repository: repos test & debugging",750,2025-11-21T17:35:40+0200,2025-11-21T17:48:10+0200
"grocery-back-office-api","Repository: repos test & debugging",1862,2025-11-21T17:59:24+0200,2025-11-21T18:30:26+0200
"grocery-back-office-api","Repository: repos test & debugging",1729,2025-11-21T18:48:51+0200,2025-11-21T19:17:40+0200
"grocery-back-office-api","Services implementations",403,2025-11-21T19:18:02+0200,2025-11-21T19:24:45+0200
"grocery-back-office-api","Services implementations",1114,2025-11-21T19:37:10+0200,2025-11-21T19:55:44+0200
"grocery-back-office-api","Services implementations",574,2025-11-21T19:59:32+0200,2025-11-21T20:09:06+0200
"grocery-back-office-api","Repository: repos implementation",1528,2025-11-22T01:34:56+0200,2025-11-22T02:00:25+0200
"grocery-back-office-api","Repository: repos implementation",220,2025-11-22T02:20:56+0200,2025-11-22T02:24:35+0200
"grocery-back-office-api","Repository: repos implementation",287,2025-11-22T02:29:59+0200,2025-11-22T02:34:46+0200
"grocery-back-office-api","Resources definition",1259,2025-11-22T02:35:35+0200,2025-11-22T02:56:35+0200
"grocery-back-office-api","Resources definition",541,2025-11-22T02:56:44+0200,2025-11-22T03:05:45+0200
"grocery-back-office-api","Resources definition",554,2025-11-22T03:34:04+0200,2025-11-22T03:43:18+0200
"grocery-back-office-api","Resources definition",376,2025-11-22T03:53:06+0200,2025-11-22T03:59:23+0200
"grocery-back-office-api","Resources definition",93,2025-11-22T04:02:31+0200,2025-11-22T04:04:04+0200
"grocery-back-office-api","Services implementations",1637,2025-11-22T04:05:10+0200,2025-11-22T04:32:27+0200
"grocery-back-office-api","Routes & Http handlers",101,2025-11-22T04:32:31+0200,2025-11-22T04:34:12+0200
"grocery-back-office-api","Routes & Http handlers",1440,2025-11-22T05:55:45+0200,2025-11-22T06:19:46+0200
"grocery-back-office-api","Routes & Http handlers",695,2025-11-22T06:20:07+0200,2025-11-22T07:46:04+0200
"grocery-back-office-api","Routes & Http handlers",1785,2025-11-22T08:07:02+0200,2025-11-22T08:36:47+0200
"grocery-back-office-api","Routes & Http handlers",510,2025-11-22T08:54:31+0200,2025-11-22T09:03:01+0200
"grocery-back-office-api","Routes & Http handlers",966,2025-11-22T18:19:01+0200,2025-11-22T18:35:08+0200
"grocery-back-office-api","Routes & Http handlers",594,2025-11-22T18:44:38+0200,2025-11-22T18:54:32+0200
"grocery-back-office-api","Validation definitions",2700,2025-11-22T19:13:34+0200,2025-11-22T19:58:34+0200
"grocery-back-office-api","Validation definitions",1974,2025-11-22T20:15:18+0200,2025-11-22T20:48:12+0200
"grocery-back-office-api","Validation & Rules definitions",2700,2025-11-22T20:48:15+0200,2025-11-22T21:33:15+0200
"grocery-back-office-api","Validation & Rules definitions",34,2025-11-22T22:11:44+0200,2025-11-22T22:12:18+0200
"grocery-back-office-api","Validation & Rules definitions",1014,2025-11-22T23:01:03+0200,2025-11-22T23:17:57+0200
"grocery-back-office-api","Routes & Http handlers",1252,2025-11-22T23:18:02+0200,2025-11-22T23:38:54+0200
"grocery-back-office-api","Routes & Http handlers",575,2025-11-23T00:25:16+0200,2025-11-23T00:34:50+0200
"grocery-back-office-api","Routes & Http handlers",632,2025-11-23T01:02:45+0200,2025-11-23T01:13:17+0200
"grocery-back-office-api","Error handler",465,2025-11-23T01:17:36+0200,2025-11-23T01:25:20+0200
"grocery-back-office-api","Error handler",2700,2025-11-23T01:37:18+0200,2025-11-23T02:22:18+0200
"grocery-back-office-api","Routes & Http handlers",2700,2025-11-23T03:33:45+0200,2025-11-23T04:18:46+0200
"grocery-back-office-api","Routes & Http handlers",1458,2025-11-23T04:48:12+0200,2025-11-23T05:12:30+0200
"grocery-back-office-api","Routes & Http handlers",522,2025-11-23T05:13:07+0200,2025-11-23T05:21:49+0200
"grocery-back-office-api","Authentication",2700,2025-11-23T05:23:00+0200,2025-11-23T06:08:00+0200
"grocery-back-office-api","Authentication",1057,2025-11-23T06:14:27+0200,2025-11-23T06:32:03+0200
"grocery-back-office-api","Authentication",1500,2025-11-23T06:40:29+0200,2025-11-23T07:05:29+0200
"grocery-back-office-api","Authentication",1500,2025-11-23T07:11:49+0200,2025-11-23T07:36:49+0200
"grocery-back-office-api","Authentication",1,2025-11-23T07:39:27+0200,2025-11-23T07:39:28+0200
"grocery-back-office-api","Authentication",3,2025-11-23T07:43:22+0200,2025-11-23T07:43:26+0200
"grocery-back-office-api","Authentication",701,2025-11-23T07:54:11+0200,2025-11-23T08:05:52+0200
"grocery-back-office-api","Authentication",919,2025-11-23T08:07:37+0200,2025-11-23T08:22:57+0200
"grocery-back-office-api","Routes & Http handlers",1500,2025-11-23T09:06:38+0200,2025-11-23T09:31:38+0200
"grocery-back-office-api","Routes & Http handlers",1301,2025-11-23T09:31:48+0200,2025-11-23T09:53:29+0200
"grocery-back-office-api","Routes & Http handlers",326,2025-11-23T10:08:11+0200,2025-11-23T10:13:37+0200
"grocery-back-office-api","Routes & Http handlers",876,2025-11-23T22:20:59+0200,2025-11-23T22:35:35+0200
"grocery-back-office-api","Routes & Http handlers",1500,2025-11-23T22:43:05+0200,2025-11-23T23:08:05+0200
"grocery-back-office-api","Routes & Http handlers",1500,2025-11-24T00:17:46+0200,2025-11-24T00:42:46+0200
"grocery-back-office-api","Routes & Http handlers",436,2025-11-24T01:11:42+0200,2025-11-24T01:18:58+0200
"grocery-back-office-api","Routes & Http handlers",1500,2025-11-24T01:26:15+0200,2025-11-24T01:51:15+0200
"grocery-back-office-api","Routes & Http handlers",1500,2025-11-24T02:12:07+0200,2025-11-24T02:37:07+0200
"grocery-back-office-api","Routes & Http handlers",1500,2025-11-24T03:22:10+0200,2025-11-24T03:47:10+0200
"grocery-back-office-api","Routes & Http handlers",1307,2025-11-24T04:47:50+0200,2025-11-24T05:09:37+0200
"grocery-back-office-api","Routes & Http handlers",32,2025-11-24T05:14:55+0200,2025-11-24T05:15:27+0200
"grocery-back-office-api","Customers endpoints",1500,2025-11-24T05:18:39+0200,2025-11-24T05:43:40+0200
"grocery-back-office-api","Customers endpoints",1500,2025-11-24T06:03:40+0200,2025-11-24T06:28:40+0200
"grocery-back-office-api","Customers endpoints",986,2025-11-24T06:38:05+0200,2025-11-24T06:54:31+0200
"grocery-back-office-api","Customers endpoints",128,2025-11-24T07:01:41+0200,2025-11-24T07:03:49+0200
"grocery-back-office-api","Customers endpoints",1500,2025-11-24T07:09:50+0200,2025-11-24T07:34:50+0200
"grocery-back-office-api","Customers endpoints",946,2025-11-24T08:07:43+0200,2025-11-24T08:23:29+0200
"grocery-back-office-api","Customers endpoints",447,2025-11-24T08:25:33+0200,2025-11-24T08:33:00+0200
"grocery-back-office-api","Customers endpoints",1500,2025-11-24T08:40:18+0200,2025-11-24T09:05:19+0200
"grocery-back-office-api","Customers endpoints",124,2025-11-24T09:33:06+0200,2025-11-24T09:35:09+0200
"grocery-back-office-api","Customers endpoints",1061,2025-11-24T09:35:10+0200,2025-11-24T09:52:51+0200
"grocery-back-office-api","Customers endpoints",1500,2025-11-24T09:52:53+0200,2025-11-24T10:17:53+0200
"grocery-back-office-api","Customers endpoints",1500,2025-11-24T10:18:01+0200,2025-11-24T10:43:01+0200
"grocery-back-office-api","Customers endpoints",460,2025-11-24T11:04:24+0200,2025-11-24T11:12:04+0200
"grocery-back-office-api","Weekdays endpoints",50,2025-11-24T11:47:59+0200,2025-11-24T11:48:49+0200
"grocery-back-office-api","Weekdays endpoints",751,2025-11-24T11:48:58+0200,2025-11-24T12:01:29+0200
"grocery-back-office-api","Weekdays endpoints",411,2025-11-24T12:53:33+0200,2025-11-24T13:00:25+0200
"grocery-back-office-api","Weekdays endpoints",69,2025-11-24T13:00:26+0200,2025-11-24T13:01:36+0200
"grocery-back-office-api","DeliveryTimeRule endpoints",1500,2025-11-24T22:15:17+0200,2025-11-24T22:40:18+0200
"grocery-back-office-api","DeliveryTimeRule endpoints",1500,2025-11-24T22:53:19+0200,2025-11-24T23:18:19+0200
"grocery-back-office-api","DeliveryTimeRule endpoints",1500,2025-11-24T23:39:07+0200,2025-11-25T00:04:07+0200
"grocery-back-office-api","DeliveryTimeRule endpoints",743,2025-11-25T00:59:05+0200,2025-11-25T01:11:28+0200
"grocery-back-office-api","DeliveryTimeRule endpoints",757,2025-11-25T01:20:04+0200,2025-11-25T01:32:42+0200
"grocery-back-office-api","DeliveryTimeRule endpoints",1500,2025-11-25T01:45:03+0200,2025-11-25T02:10:03+0200
"grocery-back-office-api","DeliveryTimeRule endpoints",1072,2025-11-25T02:34:16+0200,2025-11-25T02:52:09+0200
"grocery-back-office-api","DeliveryTimeRuleNotAvailableWeekday endpoints",4,2025-11-25T03:04:17+0200,2025-11-25T03:04:21+0200
"grocery-back-office-api","DeliveryTimeRuleNotAvailableWeekday endpoints",420,2025-11-25T03:04:24+0200,2025-11-25T03:11:25+0200
"grocery-back-office-api","DeliveryTimeRuleNotAvailableWeekday endpoints",1116,2025-11-25T03:47:52+0200,2025-11-25T04:06:28+0200
"grocery-back-office-api","DeliveryTimeRuleNotAvailableWeekday endpoints",1349,2025-11-25T13:47:56+0200,2025-11-25T14:10:25+0200
"grocery-back-office-api","DeliveryTimeRuleNotAvailableWeekday endpoints",1500,2025-11-25T14:21:17+0200,2025-11-25T14:46:17+0200
"grocery-back-office-api","DeliveryTimeRuleNotAvailableWeekday endpoints",380,2025-11-25T15:13:45+0200,2025-11-25T15:20:05+0200
"grocery-back-office-api","DeliveryTimeRuleNotAvailableWeekday endpoints",946,2025-11-25T15:23:01+0200,2025-11-25T15:38:47+0200
"grocery-back-office-api","DeliveryTimeRuleNotAvailableWeekday endpoints",751,2025-11-25T15:45:28+0200,2025-11-25T15:57:58+0200
"grocery-back-office-api","DeliveryTimeRuleNotAvailableWeekday endpoints",749,2025-11-25T16:01:56+0200,2025-11-25T16:14:25+0200
"grocery-back-office-api","DeliveryTimeRuleNotAvailableWeekday endpoints",1286,2025-11-25T16:59:22+0200,2025-11-25T17:20:48+0200
"grocery-back-office-api","ProductStorgeTypes endpoints",126,2025-11-26T02:01:23+0200,2025-11-26T02:03:29+0200
"grocery-back-office-api","ProductStorgeTypes endpoints",700,2025-11-26T02:07:07+0200,2025-11-26T02:18:47+0200
"grocery-back-office-api","ProductStorgeTypes endpoints",25,2025-11-26T02:21:16+0200,2025-11-26T02:21:41+0200
"grocery-back-office-api","ProductStorgeTypes endpoints",1080,2025-11-26T02:25:37+0200,2025-11-26T02:43:36+0200
"grocery-back-office-api","Products endpoints",890,2025-11-26T02:43:38+0200,2025-11-26T02:58:28+0200
"grocery-back-office-api","Products endpoints",1500,2025-11-26T03:05:47+0200,2025-11-26T03:30:47+0200
"grocery-back-office-api","Products endpoints",1278,2025-11-26T03:54:31+0200,2025-11-26T04:15:49+0200
"grocery-back-office-api","Order endpoints",657,2025-11-26T04:36:04+0200,2025-11-26T04:47:01+0200
"grocery-back-office-api","Order endpoints",843,2025-11-26T04:49:12+0200,2025-11-26T05:03:15+0200
"grocery-back-office-api","Order endpoints",300,2025-11-26T06:05:19+0200,2025-11-26T06:10:19+0200
"grocery-back-office-api","Order endpoints",263,2025-11-26T06:16:08+0200,2025-11-26T06:20:31+0200
"grocery-back-office-api","Order endpoints",1500,2025-11-26T06:42:03+0200,2025-11-26T07:07:03+0200
"grocery-back-office-api","Order endpoints",370,2025-11-26T07:19:26+0200,2025-11-26T07:25:36+0200
"grocery-back-office-api","Order endpoints",646,2025-11-26T07:25:40+0200,2025-11-26T07:36:26+0200
"grocery-back-office-api","Order endpoints",488,2025-11-26T17:13:34+0200,2025-11-26T17:21:41+0200
"grocery-back-office-api","Order endpoints",1013,2025-11-26T17:23:56+0200,2025-11-26T17:40:49+0200
"grocery-back-office-api","Order endpoints",1501,2025-11-26T17:48:18+0200,2025-11-26T18:13:19+0200
"grocery-back-office-api","Order endpoints",183,2025-11-26T18:38:17+0200,2025-11-26T18:41:20+0200
"grocery-back-office-api","Order endpoints",643,2025-11-26T18:43:13+0200,2025-11-26T18:53:56+0200
"grocery-back-office-api","Order endpoints",734,2025-11-26T18:56:18+0200,2025-11-26T19:08:32+0200
"grocery-back-office-api","Order endpoints",185,2025-11-26T19:28:10+0200,2025-11-26T19:31:15+0200
"grocery-back-office-api","OrderItems endpoints",144,2025-11-26T19:31:19+0200,2025-11-26T19:33:43+0200
"grocery-back-office-api","OrderItems endpoints",1390,2025-11-26T20:08:09+0200,2025-11-26T20:31:19+0200
"grocery-back-office-api","OrderItems endpoints",342,2025-11-26T20:40:28+0200,2025-11-26T20:46:11+0200
"grocery-back-office-api","OrderItems endpoints",1052,2025-11-26T20:53:08+0200,2025-11-26T21:10:40+0200
"grocery-back-office-api","OrderItems endpoints",489,2025-11-26T21:20:48+0200,2025-11-26T21:28:57+0200
"grocery-back-office-api","OrderItems endpoints",514,2025-11-26T21:30:58+0200,2025-11-26T21:39:32+0200
"grocery-back-office-api","OrderItems endpoints",830,2025-11-26T21:54:55+0200,2025-11-26T22:08:45+0200
"grocery-back-office-api","OrderItems endpoints",1031,2025-11-26T22:08:47+0200,2025-11-26T22:25:58+0200
"grocery-back-office-api","OrderItems endpoints",1500,2025-11-26T22:45:12+0200,2025-11-26T23:10:13+0200
"grocery-back-office-api","OrderItems endpoints",171,2025-11-26T23:24:00+0200,2025-11-26T23:26:51+0200
"grocery-back-office-api","Order Update endpoint",1478,2025-11-26T23:26:52+0200,2025-11-26T23:51:30+0200
"grocery-back-office-api","Order Update endpoint",1167,2025-11-26T23:59:03+0200,2025-11-27T00:18:30+0200
"grocery-back-office-api","Order Update endpoint",1500,2025-11-27T00:26:24+0200,2025-11-27T00:51:24+0200
"grocery-back-office-api","Order Update endpoint",1500,2025-11-27T01:32:09+0200,2025-11-27T01:57:09+0200
"grocery-back-office-api","Order Update endpoint",1500,2025-11-27T02:09:39+0200,2025-11-27T02:34:40+0200
"grocery-back-office-api","Order Update endpoint",1500,2025-11-27T02:42:30+0200,2025-11-27T03:07:30+0200
"grocery-back-office-api","Order Update endpoint",1500,2025-11-27T03:22:00+0200,2025-11-27T03:47:00+0200
"grocery-back-office-api","Order Update endpoint",1500,2025-11-27T04:36:06+0200,2025-11-27T05:01:07+0200
"grocery-back-office-api","Order Update endpoint",389,2025-11-27T05:19:32+0200,2025-11-27T05:26:01+0200
"grocery-back-office-api","Order Update endpoint",1411,2025-11-27T05:35:20+0200,2025-11-27T05:58:51+0200
"grocery-back-office-api","Order Update endpoint",487,2025-11-27T06:18:01+0200,2025-11-27T06:26:08+0200
"grocery-back-office-api","Order Update endpoint",1433,2025-11-27T06:26:11+0200,2025-11-27T06:50:04+0200
"grocery-back-office-api","Order Update endpoint",1500,2025-11-27T07:02:31+0200,2025-11-27T07:27:30+0200
"grocery-back-office-api","Order Update endpoint",1500,2025-11-27T07:42:16+0200,2025-11-27T08:07:16+0200
"grocery-back-office-api","Order Update endpoint",364,2025-11-27T08:19:14+0200,2025-11-27T08:25:19+0200
"grocery-back-office-api","Order Update endpoint",1376,2025-11-27T08:25:21+0200,2025-11-27T08:48:17+0200
"grocery-back-office-api","Order Update endpoint",1500,2025-11-27T18:17:31+0200,2025-11-27T18:42:31+0200
"grocery-back-office-api","Order Update endpoint",1380,2025-11-27T19:05:43+0200,2025-11-27T19:28:43+0200
"grocery-back-office-api","Order Update endpoint",1500,2025-11-27T19:33:28+0200,2025-11-27T19:58:28+0200
"grocery-back-office-api","Order Update endpoint",3,2025-11-27T20:05:52+0200,2025-11-27T20:05:54+0200
"grocery-back-office-api","Order Update endpoint",1498,2025-11-27T20:07:36+0200,2025-11-27T20:32:34+0200
"grocery-back-office-api","Order Update endpoint",271,2025-11-27T21:05:00+0200,2025-11-27T21:09:31+0200
"grocery-back-office-api","Order Update endpoint",1229,2025-11-27T21:15:18+0200,2025-11-27T21:35:47+0200
"grocery-back-office-api","Order Update endpoint",118,2025-11-27T21:48:53+0200,2025-11-27T21:50:51+0200
"grocery-back-office-api","Order Update endpoint",712,2025-11-27T21:53:40+0200,2025-11-27T22:05:33+0200
"grocery-back-office-api","Order Update endpoint",394,2025-11-27T22:09:51+0200,2025-11-27T22:16:25+0200
"grocery-back-office-api","Order Update endpoint",576,2025-11-27T22:18:28+0200,2025-11-27T22:28:04+0200
"grocery-back-office-api","Order Update endpoint",234,2025-11-27T23:02:49+0200,2025-11-27T23:06:42+0200
"grocery-back-office-api","Order Update endpoint",1443,2025-11-27T23:06:44+0200,2025-11-27T23:30:47+0200
"grocery-back-office-api","Order Update endpoint",1,2025-11-27T23:30:49+0200,2025-11-27T23:30:50+0200
"grocery-back-office-api","Order Update endpoint",932,2025-11-28T00:18:06+0200,2025-11-28T00:33:39+0200
"grocery-back-office-api","Order Update endpoint",112,2025-11-28T00:33:39+0200,2025-11-28T00:35:31+0200
"grocery-back-office-api","Order Update endpoint",456,2025-11-28T00:35:32+0200,2025-11-28T00:43:08+0200
"grocery-back-office-api","Order Update endpoint",884,2025-11-28T00:53:10+0200,2025-11-28T01:07:54+0200
"grocery-back-office-api","Order Update endpoint",0,2025-11-28T01:07:54+0200,2025-11-28T01:07:54+0200
"grocery-back-office-api","Order Update endpoint",616,2025-11-28T01:12:19+0200,2025-11-28T01:22:35+0200
"grocery-back-office-api","Order Update endpoint",1500,2025-11-28T01:22:38+0200,2025-11-28T01:47:38+0200
"grocery-back-office-api","Order Update endpoint",240,2025-11-28T03:05:42+0200,2025-11-28T03:09:41+0200
"grocery-back-office-api","Order Update endpoint",156,2025-11-28T03:22:39+0200,2025-11-28T03:25:14+0200
"grocery-back-office-api","Order Update endpoint",1105,2025-11-28T04:26:00+0200,2025-11-28T04:44:26+0200
"grocery-back-office-api","Order Update endpoint",1500,2025-11-28T05:51:55+0200,2025-11-28T06:16:56+0200
"grocery-back-office-api","Order Update endpoint",1500,2025-11-28T06:22:04+0200,2025-11-28T06:47:05+0200
"grocery-back-office-api","Document the code",178,2025-11-28T08:23:41+0200,2025-11-28T08:26:39+0200
"grocery-back-office-api","Document the code",1562,2025-11-28T08:26:41+0200,2025-11-28T08:52:43+0200
"grocery-back-office-api","Document the code",1500,2025-11-28T08:57:59+0200,2025-11-28T09:23:00+0200
"grocery-back-office-api","Document the code",1405,2025-11-28T09:37:57+0200,2025-11-28T10:01:22+0200
"grocery-back-office-api","Document the code",1500,2025-11-28T19:22:13+0200,2025-11-28T19:47:13+0200
"grocery-back-office-api","Document the code",759,2025-11-28T19:54:48+0200,2025-11-28T20:07:27+0200
"grocery-back-office-api","Document the code",741,2025-11-28T20:13:25+0200,2025-11-28T20:25:46+0200
"grocery-back-office-api","Document the code",1500,2025-11-28T20:58:26+0200,2025-11-28T21:23:27+0200
"grocery-back-office-api","Document the code",1500,2025-11-28T21:39:53+0200,2025-11-28T22:04:53+0200
"grocery-back-office-api","Document the code",648,2025-11-28T22:27:15+0200,2025-11-28T22:38:04+0200
"grocery-back-office-api","Document the code",1500,2025-11-28T22:56:50+0200,2025-11-28T23:21:51+0200
